<?xml version="1.0" encoding="UTF-8"?>
<?xml-model href="http://www.tei-c.org/release/xml/tei/custom/schema/relaxng/tei_all.rng" type="application/xml" schematypens="http://relaxng.org/ns/structure/1.0"?>
<?xml-model href="http://www.tei-c.org/release/xml/tei/custom/schema/relaxng/tei_all.rng" type="application/xml"
	schematypens="http://purl.oclc.org/dsdl/schematron"?>
<TEI xmlns="http://www.tei-c.org/ns/1.0">
   <teiHeader>
      <fileDesc>
         <titleStmt>
            <title type="Seminararbeit">Dekonstruktion</title>
            <author role= "Studentin">Helena Boškov = Mädchenname, verheiratet Reimann</author>

            <respStmt>
               <persName>Prof. Dr. Julijana Beli-Göncz</persName>
               <resp>Betreuerin für das Fach Literaturwissenschaftliche Methoden</resp>
            </respStmt>
         </titleStmt>
         <publicationStmt>
            <publisher>
               <persName>Universität <settlement>Novi Sad</settlement>, <country>Serbien</country></persName>
               <date>März 2005</date>
            </publisher>
         </publicationStmt>
         <sourceDesc>
            <bibl><title>Dekonstruktion</title><persName>Helena Boškov</persName><orgName>Universität Novi Sad, Philosophische Fakultät,
               Institut für Germanistik</orgName></bibl>
         </sourceDesc>
      </fileDesc>
   </teiHeader>
   <text>
      <body>
         <div>
            <head>I. Einleitung</head>

            <p>Diese Seminararbeit sollte sich mit einer der heute schon zahlreichen
               Methoden auseinandersetzen und da die Literatur zu diesem Thema ziemlich
               umfangreich ist, sollte nur ein Überblick über die wichtigsten Vertreter,
               Begriffe und Ideen gegeben werden. Es handelt sich um die Dekonstruktion,
               eine neuere literaturwissenschaftliche Methode. Der Begriff und die
               ersten Ideen entstanden noch in den 60er Jahren und die Theorie
               entwickelte sich weiter in den nächsten zwei  Jahrzehnten.  Sie beruht
               auf den Ideen des französischen Philosophen und Literaturtheoretikers
               <persName>Jacques Derrida</persName>, der zugleich auch der Hauptvertreter der Methode war.
               Die Dekonstruktion liegt der Philosophie sehr nahe, ist stark von
               philosophischen Ideen geprägt und hatte große Wirkung im Bereich der
               Literaturtheorie und -kritik, obwohl sie auch in anderen Bereichen
               angenommen wurde  (z. B. in der Architektur, Jura).</p>
            <p>Die Frage, die in der Regel gleich am Anfang beantwortet werden sollte
               ist: Was ist Dekonstruktion? Und gleich am Anfang stoßt man auf die
               ersten Schwierigkeiten und Probleme. In den Quellen, die sich mit der
               Dekonstruktion beschäftigen, gibt es keine einheitliche und eindeutige
               Definition. Oft fangen die Definitionen so an: <quote>Der Begriff entzieht sich
                  einer eindeutigen Bestimmung...</quote> , <quote>Dekonstruktion (...) entzieht sich
                     insofern jeder einfachen Definition</quote>  oder etwas kreativer, wenn sie mit
               dem Gral verglichen wird: <quote>Alle kennen ihn, haben zumindest davon gehört,
                  doch wer weiß schon was es ist?</quote>  Die Definitionsversuche sind
               unterschiedlich, manche beginnen mit der Methode selbst, manche mit der
               Arbeit der Hauptvertreter und die Ergebnisse sind demzufolge auch
               unterschiedlich. Oft steht der Begriff als Synonym zum Poststrukturalismus,
               obwohl die Dekonstruktion nur ein Teil davon ist,  bezeichnet den
               Poststrukturalismus im engeren Sinne  oder unzufrieden mit diesem Begriff
               versuchen manche Autoren etwas (mehr oder weniger) passendere zu finden,
               wie Neostrukturalismus, Postmodernismus, Dekonstruktivismus...
               Das, was fast allen Quellen gemeinsam ist, ist, dass mit dem Begriff zwei
               Orte – <placeName>Frankreich</placeName> und <placeName>Amerika</placeName>
               und zwei Kontexte – Philosophie und Literaturwissenschaft verbunden sind.</p>
            <p>Im Laufe der Arbeit werde ich versuchen, wichtige Punkte zu erörtern
               und auf diese Weise der wirklichen Bedeutung der Dekonstruktion näher zu
               kommen. Zu diesem Zweck werde ich mich auf zwei (ohne Zweifel) wichtigsten
               Namen konzentrieren, <persName>Jacques Derrida</persName> und <persName>Paul de Man</persName>,
               und auch die Quellen über die Gegner und Kritiker zurate ziehen, um die Dekonstruktion vom
               anderen Standpunkt anschaulich zu machen. Diese zwei Namen werden auch aus
               dem Grund betont, weil sie auch im deutschen Raum von größerer Bedeutung
               waren.</p>
         </div>
         <div><head>II. Grundideen der Dekonstruktion</head>

            <div><head>1. Jacques Derrida als Begründer der Methode</head>

               <p>Im Zusammenhang mit der Dekonstruktion hört man oft Namen wie <persName>H. Hartman</persName>,
                  <persName>Harold Bloom</persName>, <persName>J. Hillis Miller </persName>und
                  <persName>Paul de Man</persName>, aber auf die erste Stelle muss man den Namen von
                  <persName>Jacques Derrida</persName> (<date from="1930" to = "2004"></date>1930-2004) stellen,
                  weil er der Begründer und Hauptvertreter der Theorie ist und weil seine Ideen von maßgebender
                  Bedeutung <quote>für die ganze poststrukturalistische Wende des geistes- und kulturwissenschaftlichen
                     Denkens seit den 70er Jahren</quote>   sind.</p>
               <p><persName>Jacques Derrida</persName> war selbst Philosoph und am meisten hat er
                  <persName>Platon</persName>, <persName>Rousseau</persName>, <persName>Kant</persName>,
                  <persName>Hegel</persName>, <persName>Nietzsche</persName>, <persName>Freud</persName>,
                  <persName>Heidegger</persName>, <persName>Lévi-Strauss</persName>,
                  <persName>Mallarmé</persName>, <persName>Kafka</persName>, <persName>Artaud</persName>,
                  <persName>Bataille</persName>, <persName>Joyce</persName>, <persName>Celan</persName>,
                  <persName>Genet</persName> gelesen.  Den größten Einfluss auf Derridas Dekonstruktion hatten
                  vor allem <persName>Immanuel Kant</persName> (<date from ="1724" to ="1804">1724-1804</date>),
                  <persName>Georg Wilhelm Friedrich Hegel</persName> (<date from="1770" to = "1831">1770-1831</date>)
                  und <persName>Martin Heidegger</persName> (<date from="1889" to="1976">1889-1976</date>),
                  Husserls Phänomenologie, Nietzsches und Heideggers Metaphysikkritik (dessen Konzepte <q>Abbau</q> und
                  <q>Destruktion</q> er in den Begriff der <q>Dekonstruktion</q> übersetzte) und der französische
                  Strukturalismus in der Nachfolge von <persName>Saussure</persName> und <persName>Lévi-Strauss</persName>
                  ausgeübt. Auch seine Zusammenarbeit mit anderen Vertretern des Poststrukturalismus wie:
                  <persName>Lacan</persName>, <persName>Blanchot</persName>, <persName>Barthes</persName>,
                  <persName></persName> (über die Zeitschriften wie <q type="zeitschrift">Critique</q> und <q type="zeitschrift">Tel Quel</q>) hinterließ gewisse
                  Spuren in seinen Werken.   Dank diesen Autoren war der Weg  eröffnet, der <persName>Derrida</persName> bis zur komplexen
                  Theorie der Dekonstruktion, so wie sie heute aussieht, gebracht hat und auf dem der Autor seine
                  Grundideen bis zum Detail entwickelt hat. Diese Ideen kann man am besten in seinen Werken <q type = "werk">Die Schrift und
                     die Differenz</q> (<q type = "originaltitel">Lécriture et la diefférence</q>,<date when = "1967">1967</date>), <q type="werk">Grammatologie</q>
                  (<q type="originaltitel">De la grammatologie</q>, <date when = "1967">1967</date>), <q type="werk">Die Stimme und das Phänomen</q>
                  (<q type="originaltitel">La Voix et le phénoméne</q>, <date when="1967">1967</date>) und anderen kennenlernen.</p>
               <p>Jacques Derrida und seine Ideen waren wichtig nicht nur für die Literaturwissenschaft, sondern auch in
                  anderen Bereichen, wie Philosophie, Architektur, Linguistik, Jura, usw. von großer Bedeutung. Er wurde
                  mehrmals für den Nobelpreis im Bereich der Literatur nominiert, hat ihn aber nie bekommen. Sein Tod im
                  <date when = "2004-10">Oktober letzten Jahres</date> stellt einen großen Verlust dar – die Welt hat einen der wichtigsten Intellektuellen
                  unserer Zeit verloren.</p>
         </div>

         <div><head>2. Dekonstruktion als literaturwissenschaftliche Methode</head>

            <p><persName>Derrida</persName> war mit der logozentrischen, westlichen Tradition des Denkens und der Textauslegung nicht
               einverstanden, „weil sie die intertextuelle Offenheit und Vieldeutigkeit kultureller Erfahrungen in die
               Zwangsmuster eines vereindeutigenden Systemdenkens presst, in dem das vorgebliche Interesse an Erkenntnis
               häufig nur ein Interesse der Machtausübung und der ideologischen Realitätskontrolle verbirgt.“  Eben das war d
               er Ausgangspunkt von Derridas Ideen. <!-- Teil ausgelassen, da für die Kodierung nicht interessant --></p> <!-- MS: dafür kann das <gap  />-Element mit einem @reason-Attribut verwendet werden. -->
         </div>


         <div><head>3. Wichtige Begriffe</head>

            <p>Im Mittelpunkt der dekonstruktivistischen Methode Derridas stehen Begriffe wie Differenz
               (<q type = "französisch">Différance/Différence</q>), Schrift, Iterabilität. Das sind die wichtigsten Prinzipien oder die <!-- MS: hier wäre das Element <foreign> besser geeignet; über das xml:lang Attriut kann die Sprache (fr) angegeben werden.  -->
               Schlüsselbegriffe.</p>
            <p>Der erste der Begriffe soll die Idee der Priorität der Schrift vor der gesprochenen Sprache demonstrieren.
               <q>Différance</q> ist ein Kunstwort, das sich nur orthographisch vom französischen Wort <q>Différence</q> unterscheidet.
               Dieser Begriff drückt Derridas Anliegen aus, da der Unterschied der beiden Wörter nicht lautlich hörbar ist,
               sondern erst in der Schriftform sichtbar wird. <!-- Teil ausgelassen, da uninteressant --></p>
         </div>

         <div><head>4. Dekonstruktion als Weiterentwicklung vorhergehender Ideen</head>

            <p><persName>Derrida</persName> und die Dekonstruktion werden immer in den Zusammenhang mit verschiedenen Philosophen gebracht.
               Es werden vom dekonstruktivistischen Standpunkt entweder einige Ideen kritisiert oder es wird auf die
               Vorteile anderer hingewiesen. Die Dekonstruktion ist auf jeden Fall nicht ohne sie zu denken. So werden
               vor allem <persName>Heidegger</persName>, <persName>Husserl</persName> und <persName>Nietzsche</persName> erwähnt. Außer den Philosophen waren auch die
               Sprachwissenschaftler von großer Bedeutung für die Entwicklung Derridas Ideen. Damit sind die
               französischen Strukturalisten gemeint, die als Vorgänger der Poststrukturalisten gelten, zu denen auch
               die Dekonstruktivisten gehören.</p>
            <p>Derridas Theorie ist eng mit <persName>Martin Heidegger</persName> (<date from = "1889" to = "1976">1889-1976</date>)
               verbunden und mit seiner Ontologie verwandt. Trotzdem kritisierte Derrida Heideggers Philosophie. Diese Kritik bezog
               sich vor allem auf die Sprache, bzw. die Gegenwart der Metaphysik im sprachlichen Bereich. Es handelt sich um
               Logozentrismus oder Phonozentrismus und die Frage nach ihnen.  Die wichtigsten und einflussreichsten philosophischen
               Diskurse von <persName>Plato</persName> bis <persName>Heidegger</persName>  neigen dazu,
               das gesprochene Wort (<q type="französisch">parole</q>) zu privilegieren und die Schrift (<q type="französissch">écriture</q>)
               mit Misstrauen zu betrachten oder zu unterdrücken. <persName>Derrida</persName> zeigt, dass die Schrift (der geschriebene Text) noch
               bei <persName>Plato</persName> mit einer Droge verglichen wird – sie hat ihre Vorteile (bietet Anhaltspunkte und Stützen unserem Gedächtnis),
               aber auch eine negative Wirkung (vernachlässigt unsere Erinnerung und hindert uns daran, unser Gedächtnis zu benutzen).
               Die Schrift kann in verschiedenen Zusammenhängen verschieden gelesen werden und vieldeutig sein. Sie wird für
               verdächtig gehalten, weil sie interpretierbar ist und sich in verschiedenen Kontexten nicht eindeutig definieren lässt.
               Ganz im Gegensatz zum gesprochenen Wort, das die Gegenwart der Wahrheit, die Sinnpräsenz gewährleistet.  Diese Idee
               vertraten viele Philosophen und Derrida sah darin einen Widerspruch, da sie ihrer literarischen Praxis widersprach.
               Derridas Meinung weicht von dieser ab. Er vertritt die Idee, dass die Schrift viel mehr ist, als nur eine Ergänzung
               des gesprochenen Wortes (wie sie <persName>Rousseau</persName> gesehen hat). Für ihn ist auch das gesprochene Wort der Wirkung der
               vieldeutigen Schrift ausgesetzt.  <quote>Die <q type="französisch">écriture</q> als Schriftlichkeit wohnt immer schon mit allen ihren
                  Sinnverschiebungen und  Vieldeutigkeiten dem gesprochenen Wort inne und kann von der nach Wahrheit und
                  Sinnpräsenz strebenden <q type="französisch">parole</q> nicht neutralisiert werden.</quote>  Obwohl <persName>Derrida</persName> nicht in jeder Hinsicht dergleichen
               Meinung wie <persName>Heidegger</persName> war, dienten ihm seine Ideen, um den Begriff  der Identität  in Frage zu stellen.</p>
            <p><persName>Derrida</persName> kritisierte diese Idee des Logozentrismus auch bei <persName>Edmund Husserl</persName> (<date from ="1859" to ="1938">1859–1938</date>),
               der für den Begründer der modernen Phänomenologie gilt. Diesem Thema hat <persName>Derrida</persName> sein Werk <q type="werk">Die Stimme und das Phänomen</q>
               gewidmet. Einerseits unterstützt <persName>Derrida</persName> <persName>Husserls</persName> Hervorhebung von <q type="französisch">phoné</q> und lobt seinen kritischen und sehr genauen
               Zugang.  Andererseits bemerkt <persName>Derrida</persName> auch Mangel an seiner Arbeit, besonders was die Frage nach dem Wort betrifft:
               <quote>Trotz der wachsamen Deskription, hat die naive Auseinandersetzung mit dem Begriff <q>Wort</q> eine ungelöste Spannung
                  zwischen ihren zwei Hauptmotiven hinterlassen: zwischen der Reinheit des Formalismus und der Radikalität des
                  Intuitionismus.</quote>  <!-- Teil ausgelassen --> </p>
         </div>

         <div><head>5. Paul de Man – Hauptvertreter der amerikanischen Dekonstruktion</head>

            <p>Noch ein Name darf nicht vergessen werden, wenn die Rede von der Dekonstruktion ist. Das ist der Name
               des Literaturtheoretikers und führenden Vertreters der Dekonstruktion in den USA
               <persName>Paul de Man</persName> (<date from="1919" to="1983">1919–1983</date>).
               Die Dekonstruktion in den USA sollte immer im Zusammenhang mit der Institutionalisierung der
               Literaturwissenschaft (<q>literary criticism</q>) an amerikanischen Universitäten betrachtet werden.
               In den 70er Jahren kommt es zum Durchbruch der Dekonstruktivisten in den Institutionen, in denen bis
               zu dem Zeitpunkt die werkimmanenten Methoden des <q>New Criticism</q> (<persName>John Crowe Ransom</persName>, <persName>Cleanth Brooks</persName>,
               <persName>Robert Penn Warren</persName> usw.) die Vorherrschaft hatte (während der 50er und 60er Jahre). Die Kritiken zwischen
               den Vertretern beider Methoden dauern auch heute noch, aber sie gingen von der Universität Yale
               (daher auch der Name der Schule <q>Yale School</q>) aus, wo die wichtigsten Vertreter lehrten (<persName>Paul de Man</persName>,
               <persName>J. Hillis Miller</persName> und <persName>Geofrey H. Hartman</persName>). Die Leitfigur der literarischen Dekonstruktion in den USA
               war auf jeden Fall <persName>Paul de Man</persName>. Das verbindende Moment mit <persName>Derrida</persName> ist sein Interesse für die Philosophie.
               Er führt Derridas Kritik an <persName>Kant</persName>, <persName>Hegel</persName> und <persName>Rousseau</persName> weiter und modifiziert sie.  De Man befasst sich vor
               allem mit literaturkritischen oder philosophischen Texten. Im Mittelpunkt seines Interesses standen
               Paradoxien, die durch den Doppelcharakter des Textes als logischen und rhetorischen Gebildes entstanden
               sind. Sehr wichtig in de Mans Theorie ist der Riss zwischen Sprache und Bedeutung, der im literarischen
               Diskurs bewusst inszeniert wird. Literarische Texte sind sich ihrer Fiktionalität bewusst und daher sind
               sie <quote>widerständiger gegen die Verführungskraft falscher Wahrheits- und Erkenntnisansprüche als andere,
                  begriffsgläubige oder naiv-realistische Schreibweisen. Die Literatur ist weniger blind, als andere
                  Diskursformen, da sie die grundlegende Blindheit, die aus der gebrochenen Natur sprachlichen Weltbezugs
                  resultiert, zu ihrem eigentlichen Thema hat.</quote></p>
            <p><persName>De Mans</persName> Ideen knüpfen an die von <persName>Derrida</persName> an, aber
               sie entwickelten sich doch unter anderen Umständen und deswegen tragen sie ihren Stempel. Man findet sie in
               de Mans Werken <title type="Übersetzung">Allegorien des Lesens</title>
               (<title type="Originaltitel">Allegories of Reading</title>, <date type="Erscheinungsjahr">1979</date>) und
               <title type="Übersetzung">Der Widerstand gegen die Theorie</title>
               (<title type="Originaltitel">The Resistance to Theory</title>, <date type="Erscheinungsjahr">1986</date>). </p>
            <p>Um <persName>de Man</persName> und seine Ideen verstehen zu können, muss man vorher das Verhältnis von Dekonstruktion und
               <q>New Criticism</q> klarstellen. Die amerikanische Dekonstruktion ist so wie <q>New Criticism</q> ein werk- und
               textimmanentes Verfahren. Aber, im Unterschied zu den <q>New Critics</q>, haben die amerikanischen Anhänger
               Derridas nicht die Darstellung der phonetischen, semantischen oder syntaktischen Kohärenz zum Ziel, sondern
               dessen Ambivalenzen, Widersprüche und Aporien. <quote>Ihnen erscheint die Suche nach Inkohärenz und Widerspruch [...]
                  als ethisch motiviert, als Verpflichtung.</quote>  Die amerikanischen Dekonstruktivisten sprechen von der Ethik
               des Lesens, die darin besteht, die <quote>widersprüchliche[n] Charaktere des Textes</quote> zu erkennen und <quote>das Scheitern
                  der Lektüre</quote>  offen zuzugeben. Das Erbe des New Critisicm bei de Man befindet sich in der Übernahme einer
               Variante des <q>close reading</q> und der Ablehnung, “den literarischen Text in einer wissenschaftlichen Betrachtung
               auf den Begriff zu bringen” . De Man ist nicht der Meinung, dass die Ansprüche rechtfertigt sind, <quote>Kunstwerke
                  im Rahmen bestimmter begrifflicher Systeme erklären zu können.</quote></p>
            <!--Textteile ausgelassen-->
            <p>De Man beweist auch seine theoretischen Anschauungen durch Beispiele. Eins von ihnen ist das Gedicht
               <title type="Gedicht">Among School Children</title> von <persName>Yeats</persName>. Er betrachtet dabei zwei Verse:
               <quote type="englisch">O body swayed to music, O brightening glance,
                  How can we know the dancer from the dance?</quote>
               (<quote type="Überstzung">O Leib, der zu Musik beschwingt, O glänzender Blick,
                  Wie können wir vom Tanz den Tänzer unterscheiden?</quote>)</p>

            <!--Textteile ausgelassen-->
         </div>
         </div>

         <div><head>III. Kritik der Dekonstruktion</head>

            <p>Obwohl das Ende des 20. Jahrhunderts ohne die Dekonstruktion nicht zu denken ist, heißt das noch
               lange nicht, dass sie von der Kritik verschont geblieben ist. Ganz im Gegenteil. Sie bezog sich
               sowohl auf die Autoren als auch auf ihre Theorien.</p>
            <p>Was die Autoren betrifft, wurde <persName>Paul de Man</persName> zum Beispiel wegen des Nationalismus kritisiert. Aber
               die Dekonstruktion sollte nicht in den Zusammenhang mit dem Faschismus gebracht werden, nur weil er
               in der Jugend Sympathien für Nationalismus und Nationalsozialismus hatte.</p>
            <p>Viel interessanter ist natürlich die Kritik, die den fachlichen Bereich betrifft. Das Ziel der Kritik
               ist auf keinen Fall destruktiv. Man versucht nicht der Dekonstruktion ihre Verdienste abzustreiten. Die
               Kritik möchte vor allem die Irrtümer und Schwierigkeiten in den Erkenntnissen der Dekonstruktion
               erkennen. Die Kritik ist so unterschiedlich, wie auch die Ideen der einzelnen Autoren. Verschiedene
               Vertreter haben sich mit verschiedenen Themen auseinandergesetzt. Einige der größten Versäumnisse der
               Dekonstruktion sind der Kritik nach der Vernachlässigung der soziologischen und historischen Dimension
               in den Untersuchungen und die Betrachtung aller Texte als aporetisch. Das Problem mit der Dekonstruktion
               ist, dass sie <quote>in ihren verschiedenen Varianten versäumt hat, ihre eigenen Prämissen in einem historischen
                  und dialogischen Kontext zu reflektieren.</quote>  Es ist auch oft passiert, dass sie <quote>in allen Texten Aporien
                     oder Formen von Iterabilität und Dissemination</quote>  festgestellt haben und dabei vergessen haben, dass sie
               selbst Konstruktionen ihrer eigenen Metadiskurse in die kommentierten Texte hineinprojizierten. Das Ziel
               der Dekonstruktion ist, die Existenz bestimmter versteckten Aussagen und Ungereimtheiten im Text aufzudecken,
               aber dann kann man die Frage nach der Richtigkeit einer gewissen Lesart (dekonstruktivistischen oder einer
               anderen) und nach dem tatsächlichen Bestehen der Widersprüche, die von den Dekonstruktivisten aufgedeckt
               werden, stellen.</p>
            <p>Einer der großen Gegner der Dekonstruktion war der Soziologe <persName>Bourdieu</persName>. Er hat das Verhältnis der
               Dekonstruktion zu den Sozialwissenschaften und ihre Funktion oder eher Disfunktion in den Institutionen
               thematisiert. <persName>Derrida</persName> wird kritisiert, weil er die idealistische Philosophie nicht verlassen hat und
               die mögliche Funktion der Dekonstruktion in den Institutionen vernachlässigt hat. Den Erfolg der
               Dekonstruktion versucht er zu denunzieren, indem er durch ihren verbalen Radikalismus erklärt. <persName>Bourdieu</persName>
               hält die Unfähigkeit der Dekonstruktion, soziale und wirtschaftliche Vorgänge zu behandeln für eins der
               größten Probleme der Dekonstruktion. Diese Kritik betrachtet man aber auch als lückenhaft, da  <persName>Bourdieu</persName>
               die institutionellen Funktionen kollektiver Sprachen untersuchte und sich nicht für die semantischen,
               syntaktischen und rhetorischen Strukturen interessierte, die <persName>Derrida</persName>, <persName>de Man</persName> und <persName>Miller</persName> untersucht haben.
               So könnte man sagen, dass Bourdieu Derridas Diskurskritik gar nicht wahrgenommen hat.</p>
            <!--Textteile ausgelassen-->
         </div>

         <div><head>IV. Schlusswort</head>

            <p>Wie heftig die Kritik auch sein mag, kann man den Wert und die Bedeutung der Dekonstruktion nicht
               vernachlässigen. Fixiert vor allem auf die Sprache, die mehrschichtig und dadurch auch mehrdeutig ist,
               sind die Dekonstruktivisten zum Schluss gekommen, dass das geschriebene Wort die direkte
               Kommunikationsform ist und dass es von der Sprachstruktur befreit werden sollte. Damit ist die
               grenzenlose Interpretation der Texte ermöglicht. Der Ausgangspunkt der Dekonstruktivisten ist die
               Idee, dass Wörter nicht nur eine einzige Bedeutung haben: jeder Text hat Bedeutungsschichten und
               das bleibt so, auch wenn der Autor dessen nicht bewusst ist. Diese verschiedenen Bedeutungen, kann
               ein Fachmann, wie es Dekonstruisten sind, dekonstruieren. Die Dekonstruktion führt dann zum Schluss,
               dass jeder Text voll von Kontradiktionen ist und somit wird die Wahrheit des Textes
               in Frage gestellt.</p>
            <p>Trotz der Bedeutung dieser Methode, muss man am Ende doch zugeben, dass sie sich dennoch nicht so weit
               entwickelt hat, um die Errungenschaften des Strukturalismus völlig zu ersetzen. Manche Autoren betrachten
               sie nur als eine interessante Möglichkeit in der zeitgenössischen Erforschung der Literatur.</p>
         </div>
      </body>
      <back>
				<div>
         <head>Literaturverzeichnis</head>
         <listBibl type="Primärliteratur">
            <bibl><author>Derida, Žak</author> <title>Glas i fenomen</title>. <publisher>Istraživačko izdavački centar SSOS</publisher>, <pubPlace>Beograd</pubPlace>, <date>1989</date></bibl><lb/>
         </listBibl>
         <listBibl type="Sekundärliteratur">
            <bibl><author>Bossinade, Johanna</author> <title>Poststrukturalistische Literaturtheorie</title>. <publisher>Verlag J. B. Metzler</publisher>, <pubPlace>Stuttgart/Weimar</pubPlace>, <date>2000</date></bibl><lb/>
            <bibl><editor>Friedrich Jaeger und Jürgen Straub</editor>, <title type = "main">Handbuch der Kulturwissenschaften,  Bd. 2. Paradigmen und Disziplinen</title>.<author>Frank, Manfred</author>, <title type = "sub">Was ist Neostrukturalismus? Derridas sprachphilosophische Grundoperation im Ausgang vom klassischen Strukturalismus</title>. <publisher>J. B. Metzler</publisher>, <pubPlace>Stuttgart/Weimar</pubPlace>, <date>2004</date></bibl><lb/>
            <bibl><author>Jeßing, Benedikt; Köhnen, Ralph</author>, <title>Einführung in die Neuere deutsche Literaturwissenschaft</title>. <publisher>J. B. Metzler</publisher>, <pubPlace>Stuttgart/Weimar</pubPlace>, <date>2003</date></bibl><lb/>
            <bibl><editor>Miltos Pechlivanos u.a.</editor>, <title type="main">Einführung in die Literaturwissenschaft</title>. <author>Menke, Bettine</author>, <title type="sub">Dekonstruktion. Lesen, Schrift, Figur, Performanz</title>. <publisher>Verlag J.B. Metzler</publisher>, <pubPlace>Stuttgart/Weimar</pubPlace>, <date>1995</date></bibl><lb/>
            <bibl><editor>Nünning, Ansgar</editor>, <title>Metzler Lexikon. Literatur- und Kulturtheorie</title>. <publisher>Verlag J.B. Metzler</publisher>, <pubPlace>Stuttgart/Weimar</pubPlace>, <date>2001</date></bibl><lb/>
            <bibl><editor>Schnell, Ralf</editor>, <title>Metzler Lexikon. Kultur der Gegenwart. Themen und Theorien, Formen und Institutionen seit 1945</title>. <publisher>Verlag J. B. Metzler</publisher>, <pubPlace>Stuttgart/Weimar</pubPlace>, <date>o.J.</date></bibl><lb/>
            <bibl><author>Solar, Milivoj</author>, <title>Teorija književnosti</title>. <publisher>Školska knjiga</publisher>, <pubPlace>Zagreb</pubPlace>, <date>2001</date></bibl><lb/>
            <bibl><author>Zima, Peter V.</author>, <title>Die Dekonstruktion. Einführung und Kritik</title>. <publisher>Francke Verlag</publisher>, <pubPlace>Tübingen/Basel</pubPlace>, <date>1994</date></bibl><lb/>
         </listBibl>
			 </div>
      </back>
   </text>
</TEI>
